name,category,style,price
Zara Trench Coat,coat,sporty,52.43
Adidas Raincoat,coat,sporty,66.47
Zara Chelsea Boots,boots,formal,161.59
Uniqlo High-top Sneakers,sneakers,sporty,100.61
Adidas Canvas Shoes,shoes,formal,54.36
Adidas Derby Shoes,shoes,casual,169.47
Nike Wool Coat,coat,casual,47.35
Zara Chelsea Boots,boots,sporty,153.88
Uniqlo Oxford Shoes,shoes,formal,199.96
Uniqlo Derby Shoes,shoes,formal,171.49
Adidas Track Jacket,jacket,sporty,131.15
Uniqlo Chelsea Boots,boots,sporty,124.57
Nike Training Sneakers,sneakers,casual,48.41
Nike Trench Coat,coat,casual,124.94
Nike Hiking Boots,boots,sporty,147.23
Zara Raincoat,coat,formal,142.25
Adidas Leather Shoes,shoes,formal,197.96
Adidas Canvas Shoes,shoes,formal,138.21
Uniqlo Leather Shoes,shoes,sporty,123.77
Zara Trench Coat,coat,sporty,189.62
H&M Bomber Jacket,jacket,casual,158.94
Uniqlo Windbreaker,jacket,formal,179.32
Uniqlo Hiking Boots,boots,formal,164.52
Nike Puffer Jacket,jacket,casual,167.51
Adidas Windbreaker,jacket,casual,189.92
Adidas Ankle Boots,boots,casual,160.58
Adidas Training Sneakers,sneakers,casual,130.07
Zara Canvas Shoes,shoes,sporty,101.77
Uniqlo Training Sneakers,sneakers,formal,157.09
Nike Training Sneakers,sneakers,casual,104.42
Adidas Leather Shoes,shoes,sporty,79.84
Uniqlo High-top Sneakers,sneakers,casual,74.11
H&M Canvas Shoes,shoes,casual,40.98
Nike Derby Shoes,shoes,sporty,44.89
H&M Running Sneakers,sneakers,sporty,136.63
H&M Combat Boots,boots,casual,125.58
H&M High-top Sneakers,sneakers,sporty,130.0
Zara Running Sneakers,sneakers,casual,41.88
Adidas Puffer Jacket,jacket,casual,159.87
H&M High-top Sneakers,sneakers,formal,125.36
H&M Derby Shoes,shoes,casual,126.79
Nike Derby Shoes,shoes,formal,168.35
Zara Training Sneakers,sneakers,casual,142.38
H&M Raincoat,coat,sporty,98.06
Adidas Running Sneakers,sneakers,casual,192.92
Zara Windbreaker,jacket,sporty,79.61
Zara Hiking Boots,boots,casual,58.0
Adidas Running Sneakers,sneakers,casual,110.27
Adidas Hiking Boots,boots,formal,173.54
Nike Peacoat,coat,sporty,97.67
Zara Chelsea Boots,boots,sporty,156.96
Nike Chelsea Boots,boots,formal,176.32
Zara Windbreaker,jacket,formal,113.5
Adidas Puffer Jacket,jacket,sporty,52.52
Zara Hiking Boots,boots,sporty,174.24
Nike Wool Coat,coat,casual,90.55
Nike Hiking Boots,boots,sporty,156.63
Uniqlo Combat Boots,boots,formal,122.93
Zara Chelsea Boots,boots,sporty,180.32
Nike Oxford Shoes,shoes,casual,173.8
Nike Chelsea Boots,boots,sporty,92.38
Zara Hiking Boots,boots,casual,175.17
Zara Raincoat,coat,formal,92.08
H&M Puffer Jacket,jacket,formal,115.52
Adidas Peacoat,coat,formal,69.65
Zara Training Sneakers,sneakers,casual,155.48
Adidas Peacoat,coat,casual,129.43
H&M Chelsea Boots,boots,sporty,87.47
Adidas Running Sneakers,sneakers,casual,152.4
Adidas Bomber Jacket,jacket,formal,162.85
H&M Wool Coat,coat,sporty,199.1
Uniqlo Raincoat,coat,sporty,158.93
Adidas Training Sneakers,sneakers,sporty,151.78
Uniqlo High-top Sneakers,sneakers,formal,46.72
Uniqlo Training Sneakers,sneakers,casual,142.2
Nike Canvas Shoes,shoes,casual,102.52
H&M High-top Sneakers,sneakers,sporty,192.81
Adidas Leather Shoes,shoes,casual,117.18
Zara Trench Coat,coat,sporty,71.68
Uniqlo Hiking Boots,boots,sporty,176.78
Zara Ankle Boots,boots,formal,45.44
Uniqlo Hiking Boots,boots,formal,188.44
Adidas Hiking Boots,boots,sporty,103.19
Nike Windbreaker,jacket,sporty,159.96
Nike High-top Sneakers,sneakers,casual,40.94
Adidas Wool Coat,coat,formal,53.47
Uniqlo Track Jacket,jacket,casual,183.26
Nike Windbreaker,jacket,casual,192.19
Zara Bomber Jacket,jacket,sporty,107.71
Uniqlo Windbreaker,jacket,casual,87.62
Adidas Running Sneakers,sneakers,formal,57.53
Nike Bomber Jacket,jacket,sporty,113.84
Nike Windbreaker,jacket,casual,143.06
Zara Ankle Boots,boots,sporty,47.17
Nike Wool Coat,coat,sporty,198.79
Adidas Puffer Jacket,jacket,sporty,99.88
Adidas Wool Coat,coat,casual,98.18
Zara Derby Shoes,shoes,sporty,78.43
Nike Leather Shoes,shoes,formal,172.49
Uniqlo Leather Shoes,shoes,casual,190.99
Zara Midi Dress,dress,vintage,142.0
H&M Floral Tea Dress,dress,vintage,129.0
Uniqlo Pleated Dress,dress,vintage,155.5
Mango A-Line Dress,dress,vintage,168.0
Zara Streetwear Dress,dress,streetwear,158.08
H&M Vintage Coat,coat,vintage,86.93
New Balance Derby Shoes,shoes,streetwear,103.95
New Balance Casual Handbag,handbag,casual,286.72
Uniqlo Casual Jacket,jacket,casual,168.54
Mango Casual Skirt,skirt,casual,82.05
Mango Chic Coat,coat,chic,171.25
Adidas Chic Skirt,skirt,chic,47.51
Mango Runner,sneakers,minimalist,190.1
Levi's Vintage Coat,coat,vintage,156.77
Uniqlo Casual Dress,dress,casual,98.78
Mango Preppy Jeans,jeans,preppy,147.17
Mango Derby Shoes,shoes,grunge,155.73
Zara Casual Jeans,jeans,casual,71.36
Zara Runner,sneakers,casual,63.59
H&M Sporty Jeans,jeans,sporty,124.47
New Balance Runner,sneakers,minimalist,209.49
Levi's Runner,sneakers,casual,159.99
Zara Vintage Shirt,shirt,vintage,27.84
Adidas Streetwear Handbag,handbag,streetwear,163.46
Puma Preppy Skirt,skirt,preppy,76.2
Adidas Casual Skirt,skirt,casual,82.67
New Balance Retro Skirt,skirt,retro,55.11
H&M Runner,sneakers,grunge,204.44
Mango Minimalist Handbag,handbag,minimalist,88.49
Mango Formal Coat,coat,formal,160.1
Levi's Chic Jeans,jeans,chic,79.0
New Balance Minimalist Coat,coat,minimalist,197.6
Puma Retro Handbag,handbag,retro,241.23
H&M Runner,sneakers,elegant,207.0
H&M Vintage Shirt,shirt,vintage,78.48
Zara Runner,sneakers,grunge,184.27
Mango Chic Jeans,jeans,chic,45.19
Levi's Elegant Skirt,skirt,elegant,79.72
H&M Retro Dress,dress,retro,42.79
Adidas Grunge Shirt,shirt,grunge,96.55
Gap Elegant Coat,coat,elegant,236.5
Levi's Hiking Boots,boots,elegant,238.19
Zara Sporty Skirt,skirt,sporty,112.27
Levi's Elegant Jeans,jeans,elegant,85.29
New Balance Grunge Handbag,handbag,grunge,57.73
Mango Runner,sneakers,streetwear,152.91
Nike Minimalist Coat,coat,minimalist,250.99
Levi's Derby Shoes,shoes,preppy,99.18
Gap Elegant Dress,dress,elegant,170.27
Puma Chic Skirt,skirt,chic,39.46
Nike Runner,sneakers,streetwear,109.73
Gap Minimalist Shirt,shirt,minimalist,63.86
New Balance Runner,sneakers,grunge,210.33
Adidas Grunge Handbag,handbag,grunge,160.66
Nike Runner,sneakers,sporty,202.03
Nike Preppy Handbag,handbag,preppy,167.76
Puma Runner,sneakers,minimalist,62.41
Uniqlo Chic Dress,dress,chic,91.81
Gap Derby Shoes,shoes,formal,200.51
Uniqlo Streetwear Jacket,jacket,streetwear,180.56
H&M Elegant Jacket,jacket,elegant,75.36
New Balance Elegant Skirt,skirt,elegant,27.6
Nike Sporty Skirt,skirt,sporty,100.9
Nike Derby Shoes,shoes,casual,112.82
Uniqlo Runner,sneakers,preppy,173.12
New Balance Retro Dress,dress,retro,93.09
Adidas Retro Coat,coat,retro,240.0
Gap Chic Jacket,jacket,chic,198.32
Uniqlo Minimalist Coat,coat,minimalist,224.66
H&M Minimalist Coat,coat,minimalist,108.21
Mango Retro Jacket,jacket,retro,160.9
Nike Chic Shirt,shirt,chic,113.24
New Balance Formal Jeans,jeans,formal,140.18
Nike Hiking Boots,boots,formal,84.64
Levi's Vintage Handbag,handbag,vintage,78.81
Gap Retro Dress,dress,retro,186.5
Gap Elegant Jacket,jacket,elegant,91.77
Adidas Formal Skirt,skirt,formal,25.3
Adidas Derby Shoes,shoes,sporty,153.91
Zara Hiking Boots,boots,preppy,183.84
Puma Vintage Shirt,shirt,vintage,78.39
Mango Derby Shoes,shoes,sporty,161.68
Zara Formal Jacket,jacket,formal,200.01
Gap Derby Shoes,shoes,vintage,116.68
Mango Retro Skirt,skirt,retro,53.06
H&M Grunge Coat,coat,grunge,155.53
Gap Formal Jeans,jeans,formal,117.8
Adidas Retro Dress,dress,retro,212.14
Adidas Preppy Jeans,jeans,preppy,123.1
Gap Derby Shoes,shoes,streetwear,120.04
H&M Hiking Boots,boots,grunge,108.23
H&M Casual Shirt,shirt,casual,76.23
Mango Vintage Jacket,jacket,vintage,110.82
Nike Retro Jacket,jacket,retro,176.51
Mango Hiking Boots,boots,grunge,140.57
Adidas Runner,sneakers,streetwear,102.69
Puma Casual Skirt,skirt,casual,115.28
Mango Sporty Jeans,jeans,sporty,42.93
Nike Formal Skirt,skirt,formal,59.4
H&M Sporty Dress,dress,sporty,111.19
Mango Formal Shirt,shirt,formal,75.3
H&M Hiking Boots,boots,casual,212.19
New Balance Sporty Coat,coat,sporty,151.63
Gap Hiking Boots,boots,elegant,110.96
Nike Vintage Handbag,handbag,vintage,237.41
Levi's Elegant Shirt,shirt,elegant,101.83
Uniqlo Chic Coat,coat,chic,93.3
Levi's Hiking Boots,boots,casual,193.68
New Balance Runner,sneakers,elegant,61.72
Puma Formal Shirt,shirt,formal,103.15
Uniqlo Preppy Jeans,jeans,preppy,99.04
Nike Grunge Jacket,jacket,grunge,133.42
Adidas Vintage Jacket,jacket,vintage,152.19
Levi's Preppy Jacket,jacket,preppy,74.89
Levi's Grunge Skirt,skirt,grunge,70.92
New Balance Formal Skirt,skirt,formal,61.33
Adidas Derby Shoes,shoes,formal,148.24
Nike Formal Shirt,shirt,formal,64.71
Gap Runner,sneakers,chic,157.49
Mango Vintage Dress,dress,vintage,215.65
Adidas Elegant Skirt,skirt,elegant,44.73
Gap Runner,sneakers,formal,59.68
Levi's Runner,sneakers,retro,136.6
Puma Casual Handbag,handbag,casual,236.04
Uniqlo Grunge Shirt,shirt,grunge,94.05
Zara Hiking Boots,boots,minimalist,184.02
Puma Casual Shirt,shirt,casual,46.81
H&M Retro Skirt,skirt,retro,76.83
Gap Sporty Skirt,skirt,sporty,106.57
Adidas Preppy Coat,coat,preppy,205.87
Levi's Casual Dress,dress,casual,69.18
Adidas Formal Dress,dress,formal,118.77
Adidas Hiking Boots,boots,preppy,149.13
New Balance Derby Shoes,shoes,elegant,177.33
New Balance Preppy Shirt,shirt,preppy,20.93
Uniqlo Minimalist Skirt,skirt,minimalist,83.43
Mango Runner,sneakers,vintage,74.04
Uniqlo Vintage Skirt,skirt,vintage,44.42
Puma Sporty Jeans,jeans,sporty,110.56
Zara Sporty Dress,dress,sporty,168.71
Gap Hiking Boots,boots,minimalist,134.93
Zara Derby Shoes,shoes,chic,218.86
Nike Formal Jacket,jacket,formal,91.88
Adidas Retro Skirt,skirt,retro,56.45
Nike Runner,sneakers,retro,149.03
Adidas Vintage Jeans,jeans,vintage,104.89
H&M Vintage Jeans,jeans,vintage,36.77
H&M Grunge Jacket,jacket,grunge,191.32
Levi's Runner,sneakers,grunge,109.27
Levi's Sporty Jacket,jacket,sporty,146.56
H&M Streetwear Coat,coat,streetwear,107.44
Adidas Sporty Dress,dress,sporty,145.72
Levi's Streetwear Jeans,jeans,streetwear,131.5
Puma Runner,sneakers,grunge,214.17
Puma Derby Shoes,shoes,formal,78.58
H&M Chic Handbag,handbag,chic,280.63
Puma Elegant Dress,dress,elegant,69.67
Nike Chic Jeans,jeans,chic,146.99
Nike Sporty Dress,dress,sporty,185.3
Levi's Derby Shoes,shoes,minimalist,101.43
Adidas Sporty Handbag,handbag,sporty,133.14
New Balance Sporty Jeans,jeans,sporty,44.77
Puma Elegant Handbag,handbag,elegant,285.01
Uniqlo Preppy Dress,dress,preppy,140.89
Gap Vintage Jacket,jacket,vintage,79.24
Mango Derby Shoes,shoes,vintage,108.82
Levi's Streetwear Handbag,handbag,streetwear,178.94
H&M Minimalist Shirt,shirt,minimalist,37.9
Nike Retro Handbag,handbag,retro,124.27
H&M Hiking Boots,boots,streetwear,115.87
Adidas Grunge Jeans,jeans,grunge,97.85
Nike Runner,sneakers,grunge,50.87
Uniqlo Derby Shoes,shoes,preppy,57.47
Uniqlo Vintage Jacket,jacket,vintage,69.16
Puma Hiking Boots,boots,retro,239.5
Gap Derby Shoes,shoes,elegant,130.49
New Balance Casual Coat,coat,casual,146.52
Zara Preppy Coat,coat,preppy,230.13
Adidas Hiking Boots,boots,retro,174.75
Uniqlo Vintage Handbag,handbag,vintage,193.85
Nike Vintage Jeans,jeans,vintage,141.03
Mango Streetwear Dress,dress,streetwear,169.98
Levi's Vintage Shirt,shirt,vintage,86.96
Uniqlo Elegant Coat,coat,elegant,159.81
Uniqlo Runner,sneakers,formal,165.53
Levi's Vintage Dress,dress,vintage,174.43
Adidas Retro Jeans,jeans,retro,106.02
Adidas Runner,sneakers,retro,60.43
Adidas Chic Dress,dress,chic,73.42
Puma Hiking Boots,boots,elegant,201.97
H&M Retro Jeans,jeans,retro,45.16
H&M Vintage Jacket,jacket,vintage,162.77
H&M Grunge Dress,dress,grunge,49.6
Uniqlo Grunge Dress,dress,grunge,65.28
Uniqlo Elegant Handbag,handbag,elegant,294.3
Uniqlo Derby Shoes,shoes,grunge,65.71
New Balance Derby Shoes,shoes,vintage,166.8
Zara Hiking Boots,boots,streetwear,129.42
New Balance Runner,sneakers,formal,218.91
Levi's Vintage Jeans,jeans,vintage,136.36
Uniqlo Minimalist Handbag,handbag,minimalist,217.4
New Balance Grunge Skirt,skirt,grunge,33.62
H&M Formal Jacket,jacket,formal,134.83
Nike Sporty Coat,coat,sporty,198.5
Zara Derby Shoes,shoes,elegant,129.43
Mango Streetwear Jeans,jeans,streetwear,82.24
Puma Hiking Boots,boots,minimalist,186.23
Mango Hiking Boots,boots,elegant,135.85
Mango Vintage Jeans,jeans,vintage,147.87
Zara Grunge Jeans,jeans,grunge,55.34
New Balance Casual Dress,dress,casual,119.02
Puma Derby Shoes,shoes,streetwear,147.91
Levi's Retro Shirt,shirt,retro,103.41
Uniqlo Streetwear Jeans,jeans,streetwear,77.23
Levi's Casual Jacket,jacket,casual,215.32
H&M Chic Skirt,skirt,chic,64.99
Zara Elegant Skirt,skirt,elegant,112.62
Puma Formal Skirt,skirt,formal,115.39
Nike Grunge Coat,coat,grunge,222.72
Zara Retro Jeans,jeans,retro,84.5
Gap Hiking Boots,boots,vintage,86.55
Zara Grunge Jacket,jacket,grunge,72.86
H&M Preppy Handbag,handbag,preppy,49.8
H&M Vintage Dress,dress,vintage,139.96
Mango Hiking Boots,boots,retro,88.68
H&M Derby Shoes,shoes,vintage,113.97
Gap Chic Handbag,handbag,chic,131.58
Mango Preppy Dress,dress,preppy,179.19
Uniqlo Streetwear Shirt,shirt,streetwear,59.39
Puma Hiking Boots,boots,formal,219.41
Zara Minimalist Handbag,handbag,minimalist,124.63
New Balance Hiking Boots,boots,streetwear,167.85
Gap Casual Handbag,handbag,casual,83.09
Levi's Minimalist Coat,coat,minimalist,149.13
Zara Elegant Shirt,shirt,elegant,48.5
Levi's Derby Shoes,shoes,casual,94.37
Levi's Elegant Dress,dress,elegant,111.68
New Balance Retro Coat,coat,retro,225.12
Mango Vintage Coat,coat,vintage,235.24
Nike Minimalist Dress,dress,minimalist,63.17
New Balance Vintage Shirt,shirt,vintage,65.47
Gap Preppy Shirt,shirt,preppy,97.14
Gap Sporty Jeans,jeans,sporty,156.47
Adidas Preppy Dress,dress,preppy,135.71
Levi's Elegant Coat,coat,elegant,81.25
Puma Formal Jacket,jacket,formal,142.38
Puma Derby Shoes,shoes,preppy,58.25
Uniqlo Hiking Boots,boots,chic,216.22
Gap Casual Jeans,jeans,casual,146.15
Mango Preppy Jacket,jacket,preppy,113.99
Adidas Casual Jeans,jeans,casual,101.41
Levi's Elegant Handbag,handbag,elegant,48.11
Adidas Elegant Dress,dress,elegant,153.93
Levi's Minimalist Jacket,jacket,minimalist,215.5
Puma Sporty Handbag,handbag,sporty,181.49
Zara Runner,sneakers,vintage,187.18
Adidas Sporty Shirt,shirt,sporty,118.03
Levi's Casual Shirt,shirt,casual,38.39
Uniqlo Preppy Coat,coat,preppy,253.73
Puma Sporty Skirt,skirt,sporty,106.15
H&M Hiking Boots,boots,minimalist,163.2
H&M Grunge Shirt,shirt,grunge,94.69
Zara Sporty Jacket,jacket,sporty,167.43
Puma Elegant Shirt,shirt,elegant,87.82
Uniqlo Hiking Boots,boots,preppy,97.28
Levi's Grunge Dress,dress,grunge,88.07
Puma Chic Jeans,jeans,chic,62.67
Nike Formal Jeans,jeans,formal,42.97
Uniqlo Runner,sneakers,retro,147.88
New Balance Hiking Boots,boots,minimalist,121.31
Mango Derby Shoes,shoes,elegant,128.53
Gap Sporty Handbag,handbag,sporty,216.87
Puma Vintage Coat,coat,vintage,167.58
New Balance Grunge Jeans,jeans,grunge,71.48
Zara Runner,sneakers,streetwear,74.18
Mango Runner,sneakers,preppy,117.69
Nike Sporty Jacket,jacket,sporty,179.05
H&M Sporty Shirt,shirt,sporty,33.17
Puma Chic Coat,coat,chic,151.23
Zara Sporty Shirt,shirt,sporty,60.85
H&M Streetwear Shirt,shirt,streetwear,47.89
Mango Sporty Skirt,skirt,sporty,75.59
H&M Retro Shirt,shirt,retro,95.68
Uniqlo Derby Shoes,shoes,elegant,207.06
Zara Grunge Shirt,shirt,grunge,20.33
Adidas Streetwear Shirt,shirt,streetwear,85.31
Levi's Formal Shirt,shirt,formal,83.64
New Balance Streetwear Coat,coat,streetwear,182.71
Levi's Hiking Boots,boots,minimalist,169.77
Levi's Sporty Skirt,skirt,sporty,107.03
Zara Derby Shoes,shoes,minimalist,172.92
H&M Elegant Jeans,jeans,elegant,71.62
Nike Streetwear Handbag,handbag,streetwear,151.82
H&M Runner,sneakers,retro,218.2
Puma Elegant Jeans,jeans,elegant,65.61
Adidas Hiking Boots,boots,casual,182.76
Levi's Retro Skirt,skirt,retro,106.91
New Balance Hiking Boots,boots,retro,146.55
Nike Preppy Jacket,jacket,preppy,192.53
Nike Preppy Jeans,jeans,preppy,124.58
New Balance Derby Shoes,shoes,preppy,183.86
Adidas Grunge Dress,dress,grunge,176.43
Puma Elegant Coat,coat,elegant,145.96
Mango Formal Dress,dress,formal,183.2
H&M Chic Jacket,jacket,chic,112.8
Adidas Derby Shoes,shoes,retro,177.93
Uniqlo Grunge Jeans,jeans,grunge,121.15
Puma Grunge Jeans,jeans,grunge,73.33
Levi's Vintage Jacket,jacket,vintage,96.47
Nike Minimalist Jacket,jacket,minimalist,175.38
New Balance Retro Shirt,shirt,retro,81.85
Zara Vintage Jeans,jeans,vintage,54.48
Gap Sporty Dress,dress,sporty,126.77
Gap Casual Shirt,shirt,casual,86.87
Adidas Formal Jeans,jeans,formal,73.66
Adidas Minimalist Handbag,handbag,minimalist,162.17
Puma Hiking Boots,boots,sporty,221.66
Adidas Sporty Jeans,jeans,sporty,43.4
New Balance Sporty Skirt,skirt,sporty,107.9
Nike Derby Shoes,shoes,streetwear,138.9
H&M Retro Handbag,handbag,retro,73.79
Puma Sporty Jacket,jacket,sporty,104.4
H&M Elegant Coat,coat,elegant,174.06
Nike Formal Handbag,handbag,formal,92.08
Puma Derby Shoes,shoes,retro,66.71
Gap Retro Coat,coat,retro,95.01
H&M Sporty Coat,coat,sporty,186.09
Puma Derby Shoes,shoes,grunge,146.79
Puma Chic Shirt,shirt,chic,92.0
Gap Streetwear Handbag,handbag,streetwear,246.59
Puma Derby Shoes,shoes,casual,92.8
Zara Sporty Jeans,jeans,sporty,95.41
Uniqlo Grunge Jacket,jacket,grunge,198.76
H&M Grunge Jeans,jeans,grunge,119.73
New Balance Vintage Jacket,jacket,vintage,130.41
Zara Derby Shoes,shoes,casual,104.27
New Balance Derby Shoes,shoes,retro,77.73
Adidas Vintage Shirt,shirt,vintage,50.46
Gap Vintage Jeans,jeans,vintage,120.87
Zara Chic Handbag,handbag,chic,234.78
H&M Sporty Jacket,jacket,sporty,108.86
New Balance Derby Shoes,shoes,chic,166.41
Puma Streetwear Handbag,handbag,streetwear,209.77
Levi's Formal Jacket,jacket,formal,209.25
Gap Minimalist Jacket,jacket,minimalist,83.2
Mango Minimalist Jeans,jeans,minimalist,91.21
Levi's Runner,sneakers,preppy,178.47
Nike Casual Shirt,shirt,casual,116.87
Mango Retro Dress,dress,retro,178.07
Uniqlo Minimalist Jacket,jacket,minimalist,63.79
Levi's Minimalist Shirt,shirt,minimalist,75.81
H&M Streetwear Handbag,handbag,streetwear,163.31
Mango Derby Shoes,shoes,streetwear,129.88
Nike Retro Shirt,shirt,retro,44.98
Puma Runner,sneakers,preppy,55.38
Nike Grunge Jeans,jeans,grunge,102.24
Puma Vintage Skirt,skirt,vintage,49.77
New Balance Casual Jacket,jacket,casual,82.47
Adidas Minimalist Jeans,jeans,minimalist,148.14
Gap Elegant Handbag,handbag,elegant,113.35
H&M Derby Shoes,shoes,minimalist,106.61
Nike Chic Dress,dress,chic,155.6
New Balance Hiking Boots,boots,sporty,127.23
Puma Chic Handbag,handbag,chic,235.96
Levi's Retro Jacket,jacket,retro,132.21
Zara Chic Jeans,jeans,chic,57.71
Puma Retro Jeans,jeans,retro,100.96
Levi's Hiking Boots,boots,preppy,163.45
Nike Runner,sneakers,preppy,48.3
H&M Preppy Jeans,jeans,preppy,53.81
H&M Runner,sneakers,vintage,179.36
Puma Streetwear Jeans,jeans,streetwear,54.08
Zara Grunge Handbag,handbag,grunge,74.94
Nike Streetwear Skirt,skirt,streetwear,114.73
H&M Grunge Handbag,handbag,grunge,69.9
Uniqlo Formal Handbag,handbag,formal,237.39
Nike Retro Dress,dress,retro,62.16
Levi's Hiking Boots,boots,retro,216.16
Levi's Formal Handbag,handbag,formal,237.02
New Balance Runner,sneakers,sporty,66.3
H&M Retro Coat,coat,retro,213.32
Adidas Minimalist Skirt,skirt,minimalist,70.41
Levi's Preppy Shirt,shirt,preppy,116.16
Adidas Retro Shirt,shirt,retro,21.59
Uniqlo Casual Jeans,jeans,casual,52.59
H&M Streetwear Dress,dress,streetwear,41.67
New Balance Elegant Dress,dress,elegant,165.11
Nike Hiking Boots,boots,streetwear,204.43
New Balance Vintage Dress,dress,vintage,72.69
Adidas Casual Dress,dress,casual,129.56
Uniqlo Vintage Shirt,shirt,vintage,57.32
Uniqlo Runner,sneakers,minimalist,49.98
Nike Casual Jeans,jeans,casual,146.1
Nike Preppy Dress,dress,preppy,48.37
Levi's Runner,sneakers,sporty,74.7
Adidas Hiking Boots,boots,minimalist,221.49
Adidas Chic Shirt,shirt,chic,31.24
Gap Derby Shoes,shoes,preppy,195.54
Uniqlo Minimalist Dress,dress,minimalist,158.15
H&M Elegant Skirt,skirt,elegant,101.52
Zara Vintage Handbag,handbag,vintage,47.6
Adidas Formal Handbag,handbag,formal,93.93
Uniqlo Retro Jeans,jeans,retro,118.54
New Balance Streetwear Skirt,skirt,streetwear,118.83
Levi's Hiking Boots,boots,formal,236.32
Nike Vintage Dress,dress,vintage,46.14
H&M Preppy Dress,dress,preppy,98.06
H&M Runner,sneakers,preppy,124.12
H&M Derby Shoes,shoes,streetwear,94.68
Gap Grunge Coat,coat,grunge,197.98
New Balance Minimalist Jeans,jeans,minimalist,159.59
Zara Minimalist Jacket,jacket,minimalist,189.12
Gap Retro Skirt,skirt,retro,88.01
Mango Grunge Skirt,skirt,grunge,31.0
Mango Vintage Shirt,shirt,vintage,22.54
New Balance Chic Dress,dress,chic,80.88
Gap Chic Coat,coat,chic,179.08
Levi's Chic Skirt,skirt,chic,116.8
New Balance Preppy Dress,dress,preppy,187.6
New Balance Elegant Handbag,handbag,elegant,256.0
H&M Hiking Boots,boots,formal,192.01
Mango Streetwear Skirt,skirt,streetwear,99.09
New Balance Minimalist Dress,dress,minimalist,68.57
Zara Runner,sneakers,formal,192.57
Zara Streetwear Skirt,skirt,streetwear,65.28
H&M Casual Jacket,jacket,casual,213.45
Levi's Derby Shoes,shoes,retro,104.73
New Balance Formal Jacket,jacket,formal,207.69
Puma Runner,sneakers,chic,55.36
Zara Preppy Handbag,handbag,preppy,241.24
Levi's Streetwear Shirt,shirt,streetwear,39.34
Puma Formal Dress,dress,formal,119.81
New Balance Sporty Jacket,jacket,sporty,76.42
Uniqlo Sporty Coat,coat,sporty,213.72
Gap Chic Dress,dress,chic,198.44
Mango Casual Jacket,jacket,casual,121.04
Uniqlo Vintage Coat,coat,vintage,163.97
Puma Retro Dress,dress,retro,176.52
Adidas Grunge Jacket,jacket,grunge,204.76
New Balance Preppy Jeans,jeans,preppy,118.37
Uniqlo Chic Jeans,jeans,chic,36.62
Gap Streetwear Skirt,skirt,streetwear,104.55
Levi's Hiking Boots,boots,streetwear,79.4
Adidas Runner,sneakers,chic,65.56
H&M Streetwear Jeans,jeans,streetwear,119.08
Puma Preppy Shirt,shirt,preppy,91.83
Gap Runner,sneakers,sporty,51.52
Mango Grunge Coat,coat,grunge,245.72
Nike Derby Shoes,shoes,grunge,110.96
Mango Formal Jeans,jeans,formal,69.58
Nike Retro Jeans,jeans,retro,122.39
Uniqlo Formal Dress,dress,formal,140.53
Mango Runner,sneakers,retro,156.91
Levi's Grunge Handbag,handbag,grunge,260.39
Gap Minimalist Jeans,jeans,minimalist,135.74
Mango Elegant Dress,dress,elegant,98.1
Adidas Chic Handbag,handbag,chic,49.9
Puma Grunge Shirt,shirt,grunge,34.58
Mango Minimalist Skirt,skirt,minimalist,62.69
Levi's Grunge Coat,coat,grunge,190.42
Nike Sporty Handbag,handbag,sporty,67.63
Uniqlo Hiking Boots,boots,retro,100.4
H&M Formal Handbag,handbag,formal,146.1
H&M Casual Dress,dress,casual,93.42
H&M Elegant Shirt,shirt,elegant,104.79
Uniqlo Minimalist Shirt,shirt,minimalist,56.45
Zara Formal Jeans,jeans,formal,134.44
Puma Chic Dress,dress,chic,216.58
New Balance Derby Shoes,shoes,sporty,103.29
Puma Minimalist Handbag,handbag,minimalist,222.33
New Balance Retro Handbag,handbag,retro,99.01
Zara Vintage Coat,coat,vintage,143.79
Uniqlo Runner,sneakers,grunge,210.79
Zara Formal Shirt,shirt,formal,86.18
H&M Runner,sneakers,sporty,210.6
Zara Vintage Skirt,skirt,vintage,80.75
Nike Runner,sneakers,casual,169.62
Mango Runner,sneakers,chic,180.56
Zara Formal Handbag,handbag,formal,294.44
Zara Casual Dress,dress,casual,156.89
Gap Minimalist Coat,coat,minimalist,96.04
Levi's Runner,sneakers,vintage,112.8
Mango Chic Dress,dress,chic,96.02
Zara Preppy Jacket,jacket,preppy,92.1
Mango Minimalist Coat,coat,minimalist,161.31
Adidas Grunge Skirt,skirt,grunge,26.94
Mango Elegant Coat,coat,elegant,80.31
New Balance Hiking Boots,boots,casual,118.83
Uniqlo Hiking Boots,boots,streetwear,161.41
Gap Hiking Boots,boots,streetwear,66.98
New Balance Grunge Coat,coat,grunge,248.31
Puma Streetwear Dress,dress,streetwear,205.6
Gap Preppy Skirt,skirt,preppy,99.49
Gap Preppy Handbag,handbag,preppy,36.44
Nike Derby Shoes,shoes,vintage,170.3
Puma Sporty Coat,coat,sporty,96.37
New Balance Preppy Skirt,skirt,preppy,96.91
H&M Minimalist Jacket,jacket,minimalist,81.68
Levi's Chic Shirt,shirt,chic,69.05
Puma Elegant Skirt,skirt,elegant,85.89
Nike Casual Skirt,skirt,casual,29.48
Uniqlo Formal Shirt,shirt,formal,55.18
New Balance Hiking Boots,boots,vintage,217.27
Nike Chic Handbag,handbag,chic,150.74
H&M Derby Shoes,shoes,formal,147.09
Puma Hiking Boots,boots,casual,225.98
Uniqlo Casual Shirt,shirt,casual,61.59
Levi's Grunge Shirt,shirt,grunge,104.26
H&M Derby Shoes,shoes,grunge,152.02
Mango Grunge Dress,dress,grunge,211.96
Puma Chic Jacket,jacket,chic,181.76
Levi's Chic Handbag,handbag,chic,177.56
Nike Derby Shoes,shoes,retro,68.59
H&M Hiking Boots,boots,preppy,93.21
Adidas Preppy Handbag,handbag,preppy,194.21
Mango Hiking Boots,boots,streetwear,62.56
Mango Derby Shoes,shoes,formal,203.27
Nike Preppy Shirt,shirt,preppy,35.31
Uniqlo Chic Skirt,skirt,chic,46.4
Nike Derby Shoes,shoes,chic,193.38
Puma Grunge Skirt,skirt,grunge,77.9
Zara Minimalist Skirt,skirt,minimalist,30.39
Puma Minimalist Dress,dress,minimalist,106.67
Levi's Runner,sneakers,chic,194.98
Gap Runner,sneakers,vintage,112.56
Puma Retro Shirt,shirt,retro,111.02
Mango Elegant Handbag,handbag,elegant,103.89
Mango Hiking Boots,boots,preppy,204.98
Zara Hiking Boots,boots,retro,133.87
New Balance Preppy Handbag,handbag,preppy,59.38
Mango Preppy Handbag,handbag,preppy,140.81
Levi's Sporty Dress,dress,sporty,77.06
Levi's Retro Dress,dress,retro,59.56
Gap Streetwear Jacket,jacket,streetwear,125.94
H&M Minimalist Handbag,handbag,minimalist,176.72
Gap Hiking Boots,boots,formal,129.47
Zara Vintage Jacket,jacket,vintage,150.14
Zara Streetwear Shirt,shirt,streetwear,98.19
Adidas Chic Coat,coat,chic,83.86
Adidas Streetwear Skirt,skirt,streetwear,63.92
New Balance Vintage Skirt,skirt,vintage,69.61
Uniqlo Chic Handbag,handbag,chic,207.56
Zara Retro Shirt,shirt,retro,57.94
Gap Hiking Boots,boots,retro,230.39
Puma Minimalist Jeans,jeans,minimalist,158.48
Uniqlo Elegant Shirt,shirt,elegant,31.1
Adidas Streetwear Jeans,jeans,streetwear,157.95
Levi's Minimalist Dress,dress,minimalist,193.23
H&M Grunge Skirt,skirt,grunge,118.29
Nike Derby Shoes,shoes,minimalist,203.99
Nike Grunge Handbag,handbag,grunge,97.36
Levi's Casual Jeans,jeans,casual,69.1
Gap Grunge Jacket,jacket,grunge,73.33
Gap Vintage Coat,coat,vintage,244.4
Adidas Streetwear Dress,dress,streetwear,184.26
Adidas Casual Coat,coat,casual,210.16
Adidas Hiking Boots,boots,elegant,95.91
H&M Casual Handbag,handbag,casual,222.17
Gap Retro Handbag,handbag,retro,191.5
Zara Derby Shoes,shoes,grunge,174.37
Nike Elegant Coat,coat,elegant,255.35
Uniqlo Sporty Dress,dress,sporty,143.58
H&M Chic Coat,coat,chic,113.88
Puma Streetwear Jacket,jacket,streetwear,125.97
Uniqlo Preppy Handbag,handbag,preppy,94.01
Mango Sporty Handbag,handbag,sporty,26.92
Uniqlo Elegant Jacket,jacket,elegant,70.34
Adidas Derby Shoes,shoes,minimalist,203.46
Puma Vintage Jeans,jeans,vintage,110.69
Adidas Runner,sneakers,grunge,172.25
Mango Derby Shoes,shoes,minimalist,176.17
Gap Retro Jeans,jeans,retro,72.53
Mango Retro Shirt,shirt,retro,108.0
H&M Casual Coat,coat,casual,150.43
Gap Elegant Shirt,shirt,elegant,50.35
Zara Derby Shoes,shoes,vintage,60.16
Adidas Minimalist Coat,coat,minimalist,207.08
Puma Elegant Jacket,jacket,elegant,97.62
Puma Streetwear Shirt,shirt,streetwear,32.18
Zara Grunge Skirt,skirt,grunge,57.4
Mango Minimalist Dress,dress,minimalist,141.76
Gap Casual Coat,coat,casual,160.47
Gap Sporty Jacket,jacket,sporty,114.52
Nike Sporty Jeans,jeans,sporty,145.09
Levi's Streetwear Dress,dress,streetwear,97.9
Uniqlo Retro Coat,coat,retro,150.12
Nike Minimalist Jeans,jeans,minimalist,138.1
Gap Elegant Skirt,skirt,elegant,99.45
New Balance Vintage Handbag,handbag,vintage,76.75
Uniqlo Hiking Boots,boots,casual,177.29
Zara Runner,sneakers,retro,177.73
Adidas Retro Jacket,jacket,retro,104.15
Mango Sporty Shirt,shirt,sporty,22.55
Levi's Preppy Jeans,jeans,preppy,57.25
Puma Hiking Boots,boots,vintage,110.92
Puma Runner,sneakers,casual,199.57
Adidas Derby Shoes,shoes,preppy,142.67
Zara Chic Skirt,skirt,chic,102.36
H&M Elegant Dress,dress,elegant,130.11
Nike Grunge Skirt,skirt,grunge,71.76
Mango Preppy Skirt,skirt,preppy,40.19
Uniqlo Derby Shoes,shoes,casual,125.74
New Balance Formal Shirt,shirt,formal,38.48
Uniqlo Streetwear Handbag,handbag,streetwear,249.91
Mango Derby Shoes,shoes,casual,160.13
Nike Casual Jacket,jacket,casual,94.63
Levi's Retro Jeans,jeans,retro,158.03
Puma Vintage Jacket,jacket,vintage,197.18
Levi's Runner,sneakers,elegant,62.02
Mango Vintage Handbag,handbag,vintage,77.47
Nike Derby Shoes,shoes,elegant,52.44
Adidas Retro Handbag,handbag,retro,264.19
Puma Derby Shoes,shoes,chic,174.34
Uniqlo Retro Jacket,jacket,retro,92.43
Uniqlo Hiking Boots,boots,vintage,108.95
Adidas Runner,sneakers,minimalist,124.85
Mango Elegant Shirt,shirt,elegant,78.02
Mango Chic Shirt,shirt,chic,80.22
Zara Minimalist Jeans,jeans,minimalist,115.68
Gap Vintage Skirt,skirt,vintage,40.61
Zara Runner,sneakers,minimalist,139.54
Zara Runner,sneakers,elegant,216.02
H&M Chic Shirt,shirt,chic,102.34
Adidas Sporty Skirt,skirt,sporty,28.99
Adidas Runner,sneakers,casual,89.58
New Balance Formal Dress,dress,formal,163.12
Mango Derby Shoes,shoes,chic,105.33
Levi's Formal Coat,coat,formal,195.28
Gap Formal Dress,dress,formal,168.92
Adidas Formal Jacket,jacket,formal,180.93
Uniqlo Sporty Handbag,handbag,sporty,200.52
Adidas Elegant Handbag,handbag,elegant,252.61
Adidas Grunge Coat,coat,grunge,161.47
Adidas Minimalist Shirt,shirt,minimalist,86.16
Mango Grunge Handbag,handbag,grunge,142.84
Puma Derby Shoes,shoes,vintage,154.52
Gap Hiking Boots,boots,preppy,66.96
Adidas Formal Coat,coat,formal,210.37
Uniqlo Retro Skirt,skirt,retro,45.57
Levi's Casual Coat,coat,casual,203.09
Puma Sporty Shirt,shirt,sporty,85.37
Nike Streetwear Jacket,jacket,streetwear,78.83
Nike Vintage Shirt,shirt,vintage,110.54
Levi's Hiking Boots,boots,grunge,92.88
Gap Preppy Jeans,jeans,preppy,37.57
New Balance Vintage Jeans,jeans,vintage,102.94
New Balance Chic Shirt,shirt,chic,26.52
H&M Chic Dress,dress,chic,44.34
Adidas Runner,sneakers,elegant,161.31
Gap Minimalist Skirt,skirt,minimalist,77.95
Levi's Sporty Coat,coat,sporty,87.16
H&M Vintage Handbag,handbag,vintage,155.56
New Balance Chic Skirt,skirt,chic,38.88
Levi's Formal Jeans,jeans,formal,138.5
Mango Casual Shirt,shirt,casual,39.26
Zara Streetwear Handbag,handbag,streetwear,168.35
Gap Preppy Coat,coat,preppy,187.97
Uniqlo Derby Shoes,shoes,vintage,187.16
Mango Sporty Jacket,jacket,sporty,156.85
Uniqlo Derby Shoes,shoes,sporty,132.92
Mango Formal Jacket,jacket,formal,192.12
New Balance Grunge Shirt,shirt,grunge,46.39
Zara Streetwear Jacket,jacket,streetwear,71.53
Nike Formal Coat,coat,formal,226.16
Uniqlo Derby Shoes,shoes,retro,208.91
Levi's Derby Shoes,shoes,streetwear,68.37
Zara Minimalist Coat,coat,minimalist,216.82
Nike Hiking Boots,boots,chic,109.92
Adidas Formal Shirt,shirt,formal,23.99
Puma Grunge Jacket,jacket,grunge,128.77
Puma Retro Jacket,jacket,retro,79.93
H&M Formal Shirt,shirt,formal,44.2
Uniqlo Casual Coat,coat,casual,122.98
Levi's Derby Shoes,shoes,formal,89.47
New Balance Runner,sneakers,preppy,191.69
Adidas Runner,sneakers,vintage,111.09
Nike Runner,sneakers,formal,157.96
Uniqlo Formal Jeans,jeans,formal,68.64
Puma Streetwear Skirt,skirt,streetwear,75.44
New Balance Hiking Boots,boots,grunge,74.27
Levi's Elegant Jacket,jacket,elegant,96.65
Levi's Formal Dress,dress,formal,43.09
H&M Runner,sneakers,chic,56.79
Adidas Elegant Jacket,jacket,elegant,145.43
Nike Elegant Jeans,jeans,elegant,130.79
Nike Elegant Shirt,shirt,elegant,36.7
Nike Preppy Coat,coat,preppy,104.46
Zara Retro Skirt,skirt,retro,36.99
Mango Chic Jacket,jacket,chic,156.7
Zara Derby Shoes,shoes,streetwear,184.39
H&M Derby Shoes,shoes,elegant,120.69
Nike Elegant Handbag,handbag,elegant,271.69
Adidas Minimalist Jacket,jacket,minimalist,68.5
Gap Vintage Shirt,shirt,vintage,107.21
Uniqlo Elegant Skirt,skirt,elegant,26.05
Puma Derby Shoes,shoes,minimalist,155.7
Puma Retro Coat,coat,retro,216.53
Levi's Casual Skirt,skirt,casual,88.3
Zara Minimalist Shirt,shirt,minimalist,86.06
Levi's Casual Handbag,handbag,casual,37.1
Adidas Derby Shoes,shoes,preppy,125.96
Adidas Derby Shoes,shoes,minimalist,185.54
H&M Puffer Jacket,jacket,formal,113.26
Uniqlo Sporty Coat,coat,sporty,198.01
Adidas Peacoat,coat,casual,138.73
Zara Minimalist Skirt,skirt,minimalist,33.18
Puma Derby Shoes,shoes,preppy,57.23
Uniqlo Vintage Shirt,shirt,vintage,58.26
Mango Formal Jacket,jacket,formal,214.73
Puma Vintage Skirt,skirt,vintage,46.31
Zara Training Sneakers,sneakers,casual,173.8
Adidas Retro Jeans,jeans,retro,97.46
Gap Hiking Boots,boots,formal,115.1
H&M Chelsea Boots,boots,sporty,92.24
Mango Preppy Dress,dress,preppy,191.53
Adidas Hiking Boots,boots,casual,170.44
Nike Runner,sneakers,retro,163.88
H&M Sporty Shirt,shirt,sporty,30.51
Puma Chic Jacket,jacket,chic,189.29
Levi's Derby Shoes,shoes,retro,95.03
Gap Retro Handbag,handbag,retro,199.29
Zara Preppy Handbag,handbag,preppy,259.29
Puma Minimalist Dress,dress,minimalist,102.64
Zara Runner,sneakers,elegant,227.84
H&M Hiking Boots,boots,minimalist,158.19
Adidas Leather Shoes,shoes,sporty,79.24
Adidas Sporty Handbag,handbag,sporty,147.73
Zara Streetwear Shirt,shirt,streetwear,100.01
New Balance Chic Shirt,shirt,chic,26.83
New Balance Retro Handbag,handbag,retro,108.55
New Balance Formal Skirt,skirt,formal,64.89
Zara Trench Coat,coat,sporty,73.94
Zara Formal Handbag,handbag,formal,282.18
Uniqlo Derby Shoes,shoes,elegant,189.95
H&M High-top Sneakers,sneakers,formal,130.83
Nike Puffer Jacket,jacket,casual,176.22
Mango Sporty Shirt,shirt,sporty,22.66
Nike Preppy Jacket,jacket,preppy,182.32
Puma Retro Coat,coat,retro,221.41
Nike Streetwear Jacket,jacket,streetwear,86.33
Adidas Grunge Shirt,shirt,grunge,90.21
H&M Streetwear Coat,coat,streetwear,95.12
Levi's Vintage Handbag,handbag,vintage,78.5
H&M Vintage Dress,dress,vintage,134.19
Puma Sporty Coat,coat,sporty,96.57
H&M Casual Jacket,jacket,casual,213.39
Nike Formal Handbag,handbag,formal,97.04
New Balance Preppy Skirt,skirt,preppy,94.69
H&M Derby Shoes,shoes,formal,163.05
Gap Chic Dress,dress,chic,188.93
Mango Derby Shoes,shoes,vintage,118.3
Mango Casual Skirt,skirt,casual,74.3
Uniqlo Elegant Jacket,jacket,elegant,64.4
Uniqlo Elegant Handbag,handbag,elegant,274.78
Levi's Elegant Dress,dress,elegant,119.28
Uniqlo Runner,sneakers,retro,161.39
Levi's Runner,sneakers,preppy,167.71
Levi's Minimalist Coat,coat,minimalist,163.63
Nike Formal Skirt,skirt,formal,65.47
Uniqlo Minimalist Coat,coat,minimalist,235.3
Adidas Minimalist Skirt,skirt,minimalist,70.51
Adidas Sporty Skirt,skirt,sporty,28.38
Adidas Casual Coat,coat,casual,205.11
Puma Hiking Boots,boots,minimalist,189.21
Adidas Formal Dress,dress,formal,113.04
H&M Elegant Coat,coat,elegant,163.3
Nike Peacoat,coat,sporty,100.55
Zara Retro Skirt,skirt,retro,40.97
Levi's Casual Shirt,shirt,casual,39.89
Uniqlo Track Jacket,jacket,casual,195.35
Puma Preppy Shirt,shirt,preppy,101.22
Mango Vintage Jacket,jacket,vintage,99.04
Puma Derby Shoes,shoes,minimalist,152.18
Nike Derby Shoes,shoes,sporty,44.16
Uniqlo High-top Sneakers,sneakers,casual,72.58
H&M Sporty Dress,dress,sporty,123.96
Levi's Grunge Dress,dress,grunge,84.56
New Balance Elegant Dress,dress,elegant,159.97
Nike Derby Shoes,shoes,vintage,162.45
New Balance Derby Shoes,shoes,sporty,102.96
Puma Chic Shirt,shirt,chic,102.99
Levi's Elegant Skirt,skirt,elegant,87.91
Adidas Training Sneakers,sneakers,sporty,148.0
Adidas Leather Shoes,shoes,casual,109.14
Gap Retro Skirt,skirt,retro,86.53
Adidas Elegant Jacket,jacket,elegant,136.18
Nike Preppy Coat,coat,preppy,98.02
Gap Derby Shoes,shoes,elegant,140.03
H&M Grunge Shirt,shirt,grunge,90.97
Adidas Wool Coat,coat,casual,100.49
Uniqlo Chic Handbag,handbag,chic,212.21
Adidas Runner,sneakers,minimalist,135.43
Mango Streetwear Dress,dress,streetwear,153.69
H&M Runner,sneakers,retro,196.33
Zara Hiking Boots,boots,retro,141.5
H&M Derby Shoes,shoes,grunge,139.25
Nike Casual Jacket,jacket,casual,93.01
Mango Casual Shirt,shirt,casual,43.0
Zara Hiking Boots,boots,sporty,192.4
Levi's Sporty Coat,coat,sporty,93.3
